<?xml version="1.0" encoding="UTF-8"?>
<!DOCTYPE filesystem PUBLIC "-//NetBeans//DTD Filesystem 1.1//EN" "http://www.netbeans.org/dtds/filesystem-1_1.dtd">
<filesystem>
    <folder name="Loaders">
        <folder name="application">
            <folder name="gephi">
                <folder name="Actions">
                    <file name="org-openide-actions-CopyAction.instance">
                        <attr name="position" intvalue="300"/>
                    </file>
                    <file name="org-openide-actions-CutAction.instance">
                        <attr name="position" intvalue="200"/>
                    </file>
                    <file name="org-openide-actions-DeleteAction.instance">
                        <attr name="position" intvalue="500"/>
                    </file>
                    <file name="org-openide-actions-FileSystemAction.instance">
                        <attr name="position" intvalue="1000"/>
                    </file>
                    <file name="org-openide-actions-PropertiesAction.instance">
                        <attr name="position" intvalue="1300"/>
                    </file>
                    <file name="org-openide-actions-RenameAction.instance">
                        <attr name="position" intvalue="600"/>
                    </file>
                    <file name="org-openide-actions-SaveAsTemplateAction.instance">
                        <attr name="position" intvalue="800"/>
                    </file>
                    <file name="org-openide-actions-ToolsAction.instance">
                        <attr name="position" intvalue="1200"/>
                    </file>
                    <file name="sep-1.instance">
                        <attr name="instanceClass" stringvalue="javax.swing.JSeparator"/>
                        <attr name="position" intvalue="100"/>
                    </file>
                    <file name="sep-2.instance">
                        <attr name="instanceClass" stringvalue="javax.swing.JSeparator"/>
                        <attr name="position" intvalue="400"/>
                    </file>
                    <file name="sep-3.instance">
                        <attr name="instanceClass" stringvalue="javax.swing.JSeparator"/>
                        <attr name="position" intvalue="700"/>
                    </file>
                    <file name="sep-4.instance">
                        <attr name="instanceClass" stringvalue="javax.swing.JSeparator"/>
                        <attr name="position" intvalue="900"/>
                    </file>
                    <file name="sep-5.instance">
                        <attr name="instanceClass" stringvalue="javax.swing.JSeparator"/>
                        <attr name="position" intvalue="1100"/>
                    </file>
                </folder>
 
            </folder>
        </folder>
    </folder>
    <folder name="Actions">
    </folder>
    <folder name="Menu">
    </folder>
</filesystem>
