<?xml version="1.0" encoding="UTF-8"?>
<!DOCTYPE filesystem PUBLIC "-//NetBeans//DTD Filesystem 1.2//EN" "http://www.netbeans.org/dtds/filesystem-1_2.dtd">
<filesystem>
<folder name="OptionsExport">
        <folder name="Keyring">
            <attr name="displayName" bundlevalue="org.netbeans.modules.keyring.Bundle#Keyring.Options.Export.displayName"/>
            <attr name="position" intvalue="850"/>
            <file name="Passwords">
                <attr name="include" stringvalue="config/Preferences/org/netbeans/modules/keyring.*"/>
                <attr name="displayName" bundlevalue="org.netbeans.modules.keyring.Bundle#Passwords.Options.Export.displayName"/>
            </file>
        </folder>
    </folder>
</filesystem>
