<?xml version="1.0" encoding="UTF-8"?>
<!DOCTYPE filesystem PUBLIC "-//NetBeans//DTD Filesystem 1.2//EN" "http://www.netbeans.org/dtds/filesystem-1_2.dtd">
<filesystem>
    <folder name="xml">
        <folder name="entities">
            <folder name="NetBeans">
                <file name="Entity_Mapping_Registration_1_0" url="EntityCatalog.dtd" >
                    <attr name="hint.originalPublicID" stringvalue="-//NetBeans//Entity Mapping Registration 1.0//EN"/>
                </file>
            </folder>
            <folder name="NetBeans_IDE">
                <file name="DTD_xmlinfo" url="xmlinfo.dtd">
                    <attr name="hint.originalPublicID" stringvalue="-//NetBeans IDE//DTD xmlinfo//EN"/>
                </file>
            </folder>
        </folder>
        <folder name="lookups">
            <folder name="NetBeans">
                <file name="Entity_Mapping_Registration_1_0.instance">
                    <attr name="instanceClass" stringvalue="org.openide.loaders.XMLDataObject$Processor"/>
                    <attr name="instanceCreate" newvalue="org.netbeans.modules.openide.loaders.EntityCatalogImpl$RegistrationProcessor"/>
                </file>
            </folder>
        </folder>
    </folder>
    <folder name="Loaders">
        <folder name="application">
            <folder name="x-nbsettings">
                <folder name="Factories">
                    <file name="org-openide-loaders-InstanceDataLoader.instance">
                        <attr name="instanceClass" stringvalue="org.openide.loaders.DataLoader"/>
                        <attr name="instanceOf" stringvalue="org.openide.loaders.DataLoader"/>
                        <attr name="instanceCreate" methodvalue="org.openide.loaders.DataLoaderPool.getInstanceLoader"/>
                    </file>
                </folder>
            </folder>
        </folder>
    </folder>
    <folder name="Templates"><!-- see NewTemplateAction -->
        <folder name="Privileged">
            <attr name="simple" boolvalue="false"/>
            <attr name="position" intvalue="0"/>
        </folder>
        <folder name="Recent">
            <attr name="simple" boolvalue="false"/>
            <attr name="position" intvalue="0"/>
        </folder>
    </folder>
    <!-- registration of multiview element for text/plain - e.g. default data object -->
    <folder name="Editors">
        <folder name="text">
            <folder name="plain">
                <folder name="MultiView">
                    <file name="default-text-editor.instance">
                        <attr methodvalue="org.netbeans.core.spi.multiview.MultiViewFactory.createMultiViewDescription" name="instanceCreate"/>
                        <attr name="instanceClass" stringvalue="org.netbeans.core.multiview.ContextAwareDescription"/>
                        <attr name="class" stringvalue="org.netbeans.core.spi.multiview.text.MultiViewEditorElement"/>
                        <attr name="displayName" bundlevalue="org.openide.loaders.Bundle#CTL_Source"/>
                        <attr name="iconBase" stringvalue="none"/>
                        <attr name="preferredID" stringvalue="editor"/>
                        <attr intvalue="1" name="persistenceType"/>
                        <attr boolvalue="true" name="sourceview"/>
                        <attr name="position" intvalue="1000"/>
                    </file>
                </folder>
            </folder>
        </folder>
    </folder>
</filesystem>

